Passenger Name,Train ID,Number of Tickets
Anjali,T0123,2
Vikram,T0456,5
Neha,T0678,3
Amit,T0789,4
Pooja,T0890,2
Kiran,T0912,6
Sohail,T1034,3
Sneha,T1156,7
Ravi,T1278,5
Meera,T1390,3
Suresh,T1456,4
Reema,T0123,6
Manish,T0004,8
Geeta,T0678,2
Arjun,T0456,3
Deepika,T0789,5
Priya,T1156,4
Ankit,T1278,6
Shruti,T0912,2
Rohan,T0890,4
Swati,T1456,7
Kunal,T1034,3
Seema,T1390,6
Nilesh,T0123,2
Raj,T0004,5
Jaya,T0456,4
Vivek,T0678,3
Mehul,T0789,5
Anusha,T1156,8
Kavita,T1390,4
Mahesh,T1034,2
Bhavana,T0890,3
Chetan,T0912,6
Sameer,T1278,7
Ashok,T1456,5
Namrata,T0123,3
Niharika,T0004,2
Akash,T0789,4
Tina,T0456,5
Lokesh,T1278,6
Sonal,T1390,7
Aarav,T1156,2
Isha,T1034,3
Siddharth,T0678,4
Harish,T0890,5
Jignesh,T0912,3
Pankaj,T1456,6
Aditi,T0123,4
Varun,T0004,7
Divya,T0456,5
